Date,File Path
2024-11-08,.DS_Store
2024-11-09,2024-07-07_12-32-46_UTC.mp4
2024-11-10,2024-07-07_12-34-49_UTC.mp4
2024-11-11,2024-07-09_10-25-34_UTC.mp4
2024-11-12,2024-07-09_11-48-07_UTC.mp4
2024-11-13,2024-07-10_11-12-31_UTC.mp4
2024-11-14,2024-07-11_15-20-51_UTC.mp4
2024-11-15,2024-07-12_04-00-32_UTC.mp4
2024-11-16,2024-07-12_10-29-07_UTC.mp4
2024-11-17,2024-07-13_08-35-51_UTC.mp4
2024-11-18,2024-07-13_14-03-32_UTC.mp4
2024-11-19,2024-07-14_13-39-44_UTC.mp4
2024-11-20,2024-07-14_14-31-28_UTC.mp4
2024-11-21,2024-07-15_07-09-59_UTC.mp4
2024-11-22,2024-07-15_14-40-27_UTC.mp4
2024-11-23,2024-07-16_08-35-45_UTC.mp4
2024-11-24,2024-07-16_12-38-41_UTC.mp4
2024-11-25,2024-07-17_07-42-44_UTC.mp4
2024-11-26,2024-07-17_12-22-31_UTC.mp4
2024-11-27,2024-07-18_08-54-13_UTC.mp4
2024-11-28,2024-07-18_13-50-12_UTC.mp4
2024-11-29,2024-07-19_08-28-18_UTC.mp4
2024-11-30,2024-07-19_12-12-12_UTC.mp4
2024-12-01,2024-07-20_10-00-13_UTC.mp4
2024-12-02,2024-07-20_12-26-34_UTC.mp4
2024-12-03,2024-07-21_14-58-17_UTC.mp4
2024-12-04,2024-07-21_16-18-29_UTC.mp4
2024-12-05,2024-07-22_12-31-41_UTC.mp4
2024-12-06,2024-07-22_13-27-45_UTC.mp4
2024-12-07,2024-07-23_15-17-09_UTC.mp4
2024-12-08,2024-07-23_15-52-37_UTC.mp4
2024-12-09,2024-07-24_10-26-23_UTC.mp4
2024-12-10,2024-07-24_10-43-04_UTC.mp4
2024-12-11,2024-07-25_08-57-47_UTC.mp4
2024-12-12,2024-07-25_10-28-13_UTC.mp4
2024-12-13,2024-07-26_14-10-33_UTC.mp4
2024-12-14,2024-07-26_15-08-37_UTC.mp4
2024-12-15,2024-07-27_12-48-04_UTC.mp4
2024-12-16,2024-07-27_12-49-33_UTC.mp4
2024-12-17,2024-07-28_13-46-00_UTC.mp4
2024-12-18,2024-07-28_13-47-13_UTC.mp4
2024-12-19,2024-07-29_03-50-33_UTC.mp4
2024-12-20,2024-07-29_04-32-30_UTC.mp4
2024-12-21,2024-07-30_07-52-21_UTC.mp4
2024-12-22,2024-07-30_11-34-48_UTC.mp4
2024-12-23,2024-07-31_11-05-30_UTC.mp4
2024-12-24,2024-07-31_12-24-31_UTC.mp4
2024-12-25,2024-08-01_11-18-12_UTC.mp4
2024-12-26,2024-08-01_11-19-43_UTC.mp4
2024-12-27,2024-08-02_12-53-58_UTC.mp4
2024-12-28,2024-08-02_12-56-53_UTC.mp4
2024-12-29,2024-08-03_03-03-58_UTC.mp4
2024-12-30,2024-08-03_12-17-27_UTC.mp4
2024-12-31,2024-08-04_13-29-02_UTC.mp4
2025-01-01,2024-08-04_13-52-04_UTC.mp4
2025-01-02,2024-08-05_08-34-01_UTC.mp4
2025-01-03,2024-08-05_08-36-29_UTC.mp4
2025-01-04,2024-08-06_13-27-22_UTC.mp4
2025-01-05,2024-08-06_13-29-41_UTC.mp4
2025-01-06,2024-08-07_08-37-25_UTC.mp4
2025-01-07,2024-08-07_09-36-02_UTC.mp4
2025-01-08,2024-08-08_05-10-53_UTC.mp4
2025-01-09,2024-08-08_09-01-40_UTC.mp4
2025-01-10,2024-08-09_10-46-59_UTC.mp4
2025-01-11,2024-08-09_11-29-13_UTC.mp4
2025-01-12,2024-08-10_08-03-33_UTC.mp4
2025-01-13,2024-08-10_08-05-04_UTC.mp4
2025-01-14,2024-08-11_08-07-16_UTC.mp4
2025-01-15,2024-08-11_08-26-00_UTC.mp4
2025-01-16,2024-08-12_10-30-04_UTC.mp4
2025-01-17,2024-08-12_10-31-17_UTC.mp4
2025-01-18,2024-08-13_07-35-37_UTC.mp4
2025-01-19,2024-08-13_07-37-16_UTC.mp4
2025-01-20,2024-08-14_13-03-56_UTC.mp4
2025-01-21,2024-08-14_13-05-33_UTC.mp4
2025-01-22,2024-08-15_13-27-21_UTC.mp4
2025-01-23,2024-08-15_13-29-43_UTC.mp4
2025-01-24,2024-08-16_14-30-45_UTC.mp4
2025-01-25,2024-08-17_13-19-54_UTC.mp4
2025-01-26,2024-08-17_13-20-38_UTC.mp4
2025-01-27,2024-08-18_13-18-32_UTC.mp4
2025-01-28,2024-08-18_13-19-18_UTC.mp4
2025-01-29,2024-08-19_11-59-51_UTC.mp4
2025-01-30,2024-08-19_12-01-18_UTC.mp4
2025-01-31,2024-08-20_13-50-01_UTC.mp4
2025-02-01,2024-08-21_10-29-29_UTC.mp4
2025-02-02,2024-08-21_10-31-05_UTC.mp4
2025-02-03,2024-08-22_11-59-46_UTC.mp4
2025-02-04,2024-08-22_12-02-14_UTC.mp4
2025-02-05,2024-08-23_13-14-12_UTC.mp4
2025-02-06,2024-08-23_13-15-45_UTC.mp4
2025-02-07,2024-08-24_13-12-18_UTC.mp4
2025-02-08,2024-08-24_13-14-06_UTC.mp4
2025-02-09,2024-08-25_09-20-15_UTC.mp4
2025-02-10,2024-08-25_09-22-42_UTC.mp4
2025-02-11,2024-08-26_12-42-39_UTC.mp4
2025-02-12,2024-08-26_12-43-50_UTC.mp4
2025-02-13,2024-08-27_05-34-21_UTC.mp4
2025-02-14,2024-08-27_05-37-12_UTC.mp4
2025-02-15,2024-08-28_13-53-26_UTC.mp4
2025-02-16,2024-08-29_10-58-06_UTC.mp4
2025-02-17,2024-08-29_10-58-58_UTC.mp4
2025-02-18,2024-08-30_11-00-10_UTC.mp4
2025-02-19,2024-08-30_11-00-53_UTC.mp4
2025-02-20,2024-08-31_15-27-04_UTC.mp4
2025-02-21,2024-09-01_09-38-15_UTC.mp4
2025-02-22,2024-09-01_09-38-45_UTC.mp4
2025-02-23,2024-09-02_14-41-51_UTC.mp4
2025-02-24,2024-09-02_14-42-39_UTC.mp4
2025-02-25,2024-09-03_13-24-10_UTC.mp4
2025-02-26,2024-09-03_13-24-51_UTC.mp4
2025-02-27,2024-09-05_15-08-09_UTC.mp4
2025-02-28,2024-09-05_15-09-16_UTC.mp4
2025-03-01,2024-09-06_14-11-40_UTC.mp4
2025-03-02,2024-09-06_14-13-56_UTC.mp4
2025-03-03,2024-09-07_15-05-54_UTC.mp4
2025-03-04,2024-09-07_15-06-33_UTC.mp4
2025-03-05,2024-09-08_14-13-33_UTC.mp4
2025-03-06,2024-09-09_14-19-05_UTC.mp4
2025-03-07,2024-09-09_14-20-15_UTC.mp4
2025-03-08,2024-09-10_13-54-36_UTC.mp4
2025-03-09,2024-09-10_13-55-40_UTC.mp4
2025-03-10,2024-09-11_14-29-18_UTC.mp4
2025-03-11,2024-09-11_14-29-46_UTC.mp4
2025-03-12,2024-09-12_14-35-35_UTC.mp4
2025-03-13,2024-09-12_14-36-15_UTC.mp4
2025-03-14,2024-09-13_15-19-26_UTC.mp4
2025-03-15,2024-09-13_15-20-07_UTC.mp4
2025-03-16,2024-09-14_12-28-02_UTC.mp4
2025-03-17,2024-09-14_12-29-47_UTC.mp4
2025-03-18,2024-09-15_13-56-50_UTC.mp4
2025-03-19,2024-09-15_13-57-31_UTC.mp4
2025-03-20,2024-09-16_13-30-49_UTC.mp4
2025-03-21,2024-09-16_13-32-00_UTC.mp4
2025-03-22,2024-09-17_15-41-20_UTC.mp4
2025-03-23,2024-09-17_15-42-30_UTC.mp4
2025-03-24,2024-09-18_12-56-54_UTC.mp4
2025-03-25,2024-09-18_12-57-41_UTC.mp4
2025-03-26,2024-09-19_14-24-46_UTC.mp4
2025-03-27,2024-09-20_11-09-33_UTC.mp4
2025-03-28,2024-09-20_11-14-10_UTC.mp4
2025-03-29,2024-09-21_11-48-10_UTC.mp4
2025-03-30,2024-09-21_11-50-19_UTC.mp4
2025-03-31,2024-09-22_15-05-01_UTC.mp4
2025-04-01,2024-09-22_15-05-22_UTC.mp4
2025-04-02,2024-09-23_14-12-52_UTC.mp4
2025-04-03,2024-09-23_14-13-49_UTC.mp4
2025-04-04,2024-09-24_14-06-29_UTC.mp4
2025-04-05,2024-09-24_14-09-37_UTC.mp4
2025-04-06,2024-09-25_15-32-56_UTC.mp4
2025-04-07,2024-09-25_15-56-05_UTC.mp4
2025-04-08,2024-09-26_14-39-08_UTC.mp4
2025-04-09,2024-09-26_14-41-16_UTC.mp4
2025-04-10,2024-09-27_17-02-15_UTC.mp4
2025-04-11,2024-09-27_17-07-29_UTC.mp4
2025-04-12,2024-09-28_15-43-40_UTC.mp4
2025-04-13,2024-09-28_15-44-04_UTC.mp4
2025-04-14,2024-09-29_08-20-06_UTC.mp4
2025-04-15,2024-09-30_19-08-57_UTC.mp4
2025-04-16,2024-09-30_19-11-12_UTC.mp4
2025-04-17,2024-10-01_14-33-28_UTC.mp4
2025-04-18,2024-10-01_14-34-43_UTC.mp4
2025-04-19,2024-10-02_19-13-20_UTC.mp4
2025-04-20,2024-10-02_19-13-45_UTC.mp4
2025-04-21,2024-10-03_15-24-02_UTC.mp4
2025-04-22,2024-10-03_15-24-24_UTC.mp4
2025-04-23,2024-10-04_17-54-35_UTC.mp4
2025-04-24,2024-10-04_17-56-15_UTC.mp4
2025-04-25,2024-10-05_16-50-49_UTC.mp4
2025-04-26,2024-10-05_16-51-38_UTC.mp4
2025-04-27,2024-10-06_09-44-27_UTC.mp4
2025-04-28,2024-10-06_09-45-56_UTC.mp4
2025-04-29,2024-10-07_13-48-48_UTC.mp4
2025-04-30,2024-10-07_13-49-13_UTC.mp4
2025-05-01,2024-10-08_15-18-08_UTC.mp4
2025-05-02,2024-10-08_15-18-21_UTC.mp4
2025-05-03,2024-10-09_16-22-27_UTC.mp4
2025-05-04,2024-10-09_16-23-12_UTC.mp4
2025-05-05,2024-10-10_16-54-05_UTC.mp4
2025-05-06,2024-10-10_16-54-53_UTC.mp4
2025-05-07,2024-10-11_16-15-53_UTC.mp4
2025-05-08,2024-10-11_16-17-01_UTC.mp4
2025-05-09,2024-10-12_17-44-25_UTC.mp4
2025-05-10,2024-10-12_17-47-05_UTC.mp4
2025-05-11,2024-10-13_16-18-44_UTC.mp4
2025-05-12,2024-10-13_16-19-15_UTC.mp4
2025-05-13,2024-10-14_08-43-10_UTC.mp4
2025-05-14,2024-10-14_08-43-42_UTC.mp4
2025-05-15,2024-10-15_15-24-58_UTC.mp4
2025-05-16,2024-10-15_15-25-31_UTC.mp4
2025-05-17,2024-10-16_15-21-20_UTC.mp4
2025-05-18,2024-10-16_15-21-47_UTC.mp4
2025-05-19,2024-10-17_13-20-45_UTC.mp4
2025-05-20,2024-10-17_13-21-15_UTC.mp4
2025-05-21,2024-10-18_23-38-19_UTC.mp4
2025-05-22,2024-10-18_23-38-51_UTC.mp4
2025-05-23,2024-10-20_06-44-24_UTC.mp4
2025-05-24,2024-10-20_06-44-50_UTC.mp4
2025-05-25,2024-10-21_14-47-19_UTC.mp4
2025-05-26,2024-10-21_14-48-13_UTC.mp4
2025-05-27,2024-10-22_15-51-17_UTC.mp4
2025-05-28,2024-10-22_15-51-52_UTC.mp4
2025-05-29,2024-10-23_14-42-20_UTC.mp4
2025-05-30,2024-10-23_14-42-59_UTC.mp4
2025-05-31,2024-10-24_14-47-45_UTC.mp4
2025-06-01,2024-10-24_14-48-08_UTC.mp4
2025-06-02,2024-10-25_14-35-28_UTC.mp4
2025-06-03,2024-10-25_14-56-34_UTC.mp4
2025-06-04,2024-10-26_07-19-55_UTC.mp4
2025-06-05,2024-10-26_07-20-50_UTC.mp4
2025-06-06,2024-10-27_15-21-33_UTC.mp4
2025-06-07,2024-10-27_15-28-40_UTC.mp4
2025-06-08,2024-10-28_15-46-17_UTC.mp4
2025-06-09,2024-10-28_15-54-25_UTC.mp4
2025-06-10,2024-10-29_14-43-25_UTC.mp4
2025-06-11,2024-10-29_14-44-03_UTC.mp4
2025-06-12,2024-10-30_16-51-20_UTC.mp4
2025-06-13,2024-10-30_16-51-58_UTC.mp4
2025-06-14,2024-10-31_14-21-21_UTC.mp4
2025-06-15,2024-10-31_14-22-00_UTC.mp4
2025-06-16,2024-11-01_13-42-11_UTC.mp4
2025-06-17,2024-11-01_13-42-44_UTC.mp4
2025-06-18,2024-11-02_14-26-17_UTC.mp4
2025-06-19,2024-11-02_14-27-08_UTC.mp4
2025-06-20,2024-11-03_15-24-06_UTC.mp4
2025-06-21,2024-11-03_15-24-31_UTC.mp4
2025-06-22,2024-11-04_14-35-42_UTC.mp4
2025-06-23,2024-11-04_14-36-27_UTC.mp4
2025-06-24,2024-11-05_13-28-26_UTC.mp4
2025-06-25,2024-11-05_13-28-50_UTC.mp4
2025-06-26,2024-11-06_14-42-41_UTC.mp4
2025-06-27,2024-11-06_14-44-24_UTC.mp4
2025-06-28,2024-11-07_15-36-14_UTC.mp4
2025-06-29,2024-11-07_15-37-02_UTC.mp4
2025-06-30,2024-11-08_14-19-32_UTC.mp4
2025-07-01,2024-11-08_14-20-07_UTC.mp4
